id,last_login,is_superuser,is_staff,is_active,date_joined
3,"2016-09-06 18:23:51",1,1,1,"2014-07-22 12:47:17"
4,"2016-08-30 17:05:30",0,0,1,"2014-07-22 14:26:25"
5,"2014-07-22 14:48:36",0,0,1,"2014-07-22 14:48:36"
6,"2016-08-25 13:21:45",1,1,1,"2014-07-22 17:19:30"
7,"2014-07-22 17:49:30",0,0,1,"2014-07-22 17:49:30"
8,"2014-07-22 17:57:38",0,0,1,"2014-07-22 17:57:38"
13,"2014-07-22 18:22:01",0,0,1,"2014-07-22 18:22:01"
15,"2016-07-18 17:53:08",1,1,1,"2014-07-22 19:35:48"
16,"2014-08-07 16:53:53",0,0,1,"2014-07-22 22:51:27"
18,"2015-02-19 20:17:05",0,0,1,"2014-07-23 01:02:13"
20,"2015-04-07 21:59:54",0,0,1,"2014-07-24 16:57:30"
21,"2014-07-24 17:19:53",0,0,1,"2014-07-24 17:19:53"
22,"2014-10-25 22:54:40",0,0,1,"2014-07-25 13:20:26"
23,"2014-07-25 21:35:08",0,0,1,"2014-07-25 21:35:08"
24,"2014-07-25 21:51:35",0,0,1,"2014-07-25 21:51:35"
25,"2014-07-25 21:52:38",0,0,1,"2014-07-25 21:52:38"
26,"2014-07-25 23:02:50",0,0,1,"2014-07-25 22:20:02"
28,"2016-08-31 13:46:27",1,1,1,"2014-07-25 22:51:03"
29,"2015-05-04 22:14:19",0,0,1,"2014-07-25 23:23:53"
31,"2014-10-29 15:40:24",0,0,1,"2014-07-28 12:01:40"
32,"2014-12-22 18:58:50",1,1,1,"2014-07-28 13:44:34"
33,"2014-07-28 14:33:27",0,0,1,"2014-07-28 14:33:27"
34,"2015-04-19 18:25:05",0,0,1,"2014-07-28 15:07:38"
35,"2014-07-28 15:31:53",0,0,1,"2014-07-28 15:31:53"
36,"2016-08-27 02:47:26",0,0,1,"2014-07-28 19:03:17"
37,"2014-07-28 19:38:58",0,0,1,"2014-07-28 19:38:58"
38,"2014-07-29 14:42:53",0,0,1,"2014-07-29 14:42:53"
39,"2016-05-17 16:41:44",1,1,1,"2014-07-29 18:58:40"
40,"2014-08-09 03:11:25",0,0,1,"2014-07-29 19:40:05"
41,"2014-07-30 18:02:44",0,0,1,"2014-07-30 18:02:44"
42,"2014-07-30 18:31:32",0,0,1,"2014-07-30 18:31:32"
43,"2016-03-18 14:24:30",0,0,1,"2014-07-30 18:36:57"
44,"2014-07-31 18:47:21",0,0,1,"2014-07-31 18:47:21"
45,"2014-07-31 20:04:02",0,0,1,"2014-07-31 20:04:02"
46,"2014-08-01 16:33:09",0,0,1,"2014-08-01 16:33:09"
47,"2014-08-01 16:47:21",0,0,1,"2014-08-01 16:47:21"
48,"2014-08-04 00:55:17",0,0,1,"2014-08-02 13:16:52"
50,"2014-08-02 19:22:43",0,0,1,"2014-08-02 19:22:43"
51,"2014-08-03 14:18:17",0,0,1,"2014-08-03 14:18:17"
54,"2014-08-04 11:58:02",0,0,1,"2014-08-04 11:58:02"
55,"2014-08-04 12:04:48",0,0,1,"2014-08-04 12:04:48"
56,"2014-09-03 17:16:36",0,0,1,"2014-08-04 12:15:00"
57,"2014-08-04 14:59:04",0,0,1,"2014-08-04 14:59:04"
58,"2014-08-05 12:35:33",0,0,1,"2014-08-05 12:35:33"
59,"2014-08-05 14:25:41",1,1,1,"2014-08-05 14:25:40"
60,"2014-08-05 18:03:38",0,0,1,"2014-08-05 18:03:38"
61,"2014-08-05 18:37:29",0,0,1,"2014-08-05 18:37:29"
62,"2014-08-06 17:37:09",0,0,1,"2014-08-06 17:37:09"
63,"2015-11-14 12:57:04",0,0,1,"2014-08-07 09:45:10"
66,"2014-08-08 14:40:31",0,0,1,"2014-08-08 14:40:31"
69,"2014-08-11 21:31:15",0,0,1,"2014-08-11 21:31:15"
71,"2014-08-13 01:30:35",0,0,1,"2014-08-13 01:30:35"
72,"2014-08-13 12:58:12",0,0,1,"2014-08-13 12:58:12"
73,"2014-08-13 13:02:11",0,0,1,"2014-08-13 13:02:11"
74,"2014-08-13 17:14:45",0,0,1,"2014-08-13 17:14:45"
75,"2014-08-13 17:29:54",0,0,1,"2014-08-13 17:29:54"
76,"2014-08-13 23:26:45",0,0,1,"2014-08-13 23:26:45"
78,"2014-08-17 20:51:47",0,0,1,"2014-08-17 20:51:47"
79,"2014-08-17 23:05:58",0,0,1,"2014-08-17 23:05:58"
81,"2015-05-13 20:19:22",0,0,1,"2014-08-19 00:16:23"
82,"2014-08-19 17:30:59",0,0,0,"2014-08-19 17:30:59"
83,"2014-08-20 17:49:01",0,0,1,"2014-08-20 17:49:01"
84,"2014-08-21 17:23:53",0,0,1,"2014-08-21 17:23:53"
85,"2014-08-21 19:50:28",0,0,1,"2014-08-21 19:50:28"
86,"2015-11-10 13:59:10",0,0,1,"2014-08-21 20:10:49"
87,"2014-08-22 14:42:28",0,0,1,"2014-08-22 14:42:28"
88,"2014-10-27 15:50:09",1,1,1,"2014-08-25 12:23:39"
89,"2014-08-25 12:43:16",0,0,1,"2014-08-25 12:43:16"
90,"2014-08-25 14:36:55",0,0,1,"2014-08-25 14:36:55"
91,"2014-08-25 17:20:50",0,0,1,"2014-08-25 17:20:50"
92,"2014-08-25 18:46:28",0,0,1,"2014-08-25 18:46:28"
93,"2014-08-26 13:05:49",0,0,1,"2014-08-26 13:05:49"
94,"2014-08-27 17:29:21",0,0,1,"2014-08-27 17:29:21"
95,"2014-08-28 17:21:38",0,0,1,"2014-08-28 17:21:38"
97,"2014-09-01 15:43:11",0,0,1,"2014-09-01 15:43:11"
98,"2014-09-02 17:14:59",0,0,1,"2014-09-02 17:14:59"
99,"2014-09-03 14:11:23",0,0,1,"2014-09-03 14:11:23"
100,"2014-11-02 23:22:13",0,0,1,"2014-09-03 14:49:02"
101,"2014-09-03 19:14:37",0,0,1,"2014-09-03 19:14:37"
104,"2014-09-04 17:43:55",0,0,1,"2014-09-04 17:43:55"
105,"2014-09-04 18:29:47",0,0,1,"2014-09-04 18:29:47"
106,"2014-09-05 11:47:45",0,0,1,"2014-09-05 11:47:45"
107,"2014-09-05 12:04:45",0,0,1,"2014-09-05 12:04:45"
108,"2014-09-05 14:55:00",0,0,1,"2014-09-05 14:55:00"
109,"2014-09-05 19:53:31",0,0,1,"2014-09-05 19:53:31"
110,"2014-09-08 14:16:14",0,0,1,"2014-09-08 14:16:14"
111,"2014-09-09 18:18:16",0,0,1,"2014-09-09 18:18:16"
112,"2016-08-23 17:11:53",0,0,1,"2014-09-10 14:59:41"
113,"2014-09-10 17:41:02",0,0,1,"2014-09-10 17:41:02"
115,"2014-10-20 14:38:55",0,0,1,"2014-09-12 13:08:11"
116,"2014-09-15 13:28:27",0,0,0,"2014-09-15 13:28:27"
117,"2014-09-15 14:54:48",0,0,1,"2014-09-15 14:54:48"
118,"2014-09-15 14:54:58",0,0,1,"2014-09-15 14:54:58"
119,"2014-09-15 19:55:48",0,0,1,"2014-09-15 19:55:48"
121,"2014-09-16 17:40:44",0,0,1,"2014-09-16 17:40:44"
123,"2014-09-17 23:23:52",0,0,1,"2014-09-17 23:23:52"
124,"2015-11-23 19:30:18",0,0,1,"2014-09-18 18:52:02"
125,"2014-09-20 18:42:59",0,0,1,"2014-09-20 18:42:59"
126,"2016-06-17 04:31:14",0,0,1,"2014-09-24 16:23:08"
127,"2014-10-01 14:23:22",0,0,1,"2014-10-01 14:23:22"
128,"2014-10-02 12:15:36",0,0,1,"2014-10-02 12:15:36"
129,"2016-03-14 01:34:09",0,0,1,"2014-10-02 12:46:19"
130,"2014-10-02 17:04:17",0,0,1,"2014-10-02 17:04:17"
131,"2014-10-03 13:45:15",0,0,1,"2014-10-03 13:45:15"
132,"2014-10-03 14:39:27",0,0,1,"2014-10-03 14:39:27"
133,"2015-04-28 09:48:25",0,0,1,"2014-10-04 21:35:03"
134,"2014-10-07 12:10:01",0,0,1,"2014-10-07 12:10:01"
135,"2014-10-07 12:27:30",0,0,1,"2014-10-07 12:27:30"
137,"2014-10-09 00:29:58",0,0,1,"2014-10-09 00:29:58"
138,"2014-10-09 19:37:26",0,0,1,"2014-10-09 19:37:26"
139,"2014-10-13 12:08:35",0,0,1,"2014-10-13 12:08:35"
140,"2014-10-13 13:41:30",0,0,1,"2014-10-13 13:41:30"
142,"2014-10-13 23:58:35",0,0,1,"2014-10-13 23:58:35"
143,"2014-10-14 19:29:27",0,0,1,"2014-10-14 19:29:27"
144,"2014-10-15 12:31:40",0,0,1,"2014-10-15 12:31:40"
145,"2014-10-15 12:53:08",0,0,1,"2014-10-15 12:53:08"
146,"2014-10-15 17:29:39",0,0,1,"2014-10-15 17:29:39"
147,"2014-10-16 17:07:10",0,0,1,"2014-10-16 17:07:10"
148,"2014-10-16 17:25:58",0,0,1,"2014-10-16 17:25:58"
149,"2016-07-23 18:47:52",0,0,1,"2014-10-17 14:28:04"
150,"2014-10-17 17:15:24",0,0,1,"2014-10-17 17:15:24"
151,"2014-10-20 13:36:33",0,0,1,"2014-10-20 13:36:33"
153,"2014-10-20 20:58:17",0,0,1,"2014-10-20 20:58:17"
154,"2014-10-21 18:11:20",0,0,1,"2014-10-21 18:11:20"
155,"2014-10-22 12:59:18",0,0,1,"2014-10-22 12:59:18"
156,"2014-10-22 19:15:54",0,0,1,"2014-10-22 19:15:54"
157,"2014-10-24 04:46:59",0,0,1,"2014-10-23 15:57:00"
158,"2014-10-23 22:17:24",0,0,1,"2014-10-23 22:17:24"
159,"2014-10-24 15:42:29",0,0,1,"2014-10-24 15:42:29"
160,"2015-01-21 22:26:46",0,0,1,"2014-10-25 19:21:45"
162,"2014-10-27 17:20:30",0,0,1,"2014-10-27 17:20:30"
163,"2014-10-28 12:13:11",0,0,1,"2014-10-28 12:13:11"
164,"2014-10-30 19:58:30",0,0,1,"2014-10-30 19:58:30"
165,"2014-10-31 17:55:06",0,0,1,"2014-10-31 17:55:06"
166,"2014-11-04 15:10:26",0,0,1,"2014-11-04 15:10:26"
167,"2014-11-04 19:22:02",0,0,1,"2014-11-04 19:22:02"
168,"2014-11-04 23:33:34",0,0,1,"2014-11-04 23:33:34"
169,"2014-11-05 13:57:30",0,0,0,"2014-11-05 13:57:30"
170,"2014-11-05 16:35:56",0,0,1,"2014-11-05 16:35:56"
171,"2014-11-05 17:04:55",0,0,1,"2014-11-05 17:04:55"
172,"2014-11-11 12:42:26",0,0,1,"2014-11-11 12:42:26"
173,"2014-11-11 13:57:47",0,0,1,"2014-11-11 13:57:47"
174,"2014-11-13 14:48:17",0,0,1,"2014-11-13 14:48:17"
175,"2014-11-14 13:39:18",0,0,1,"2014-11-14 13:39:18"
176,"2014-11-17 18:53:25",0,0,1,"2014-11-17 18:53:25"
177,"2014-11-18 01:54:30",0,0,1,"2014-11-18 01:54:30"
178,"2014-11-18 02:13:00",0,0,1,"2014-11-18 02:13:00"
179,"2014-11-21 12:54:01",0,0,1,"2014-11-21 12:54:01"
180,"2015-06-14 11:41:44",0,0,1,"2014-11-22 18:25:15"
181,"2014-11-24 19:35:39",0,0,1,"2014-11-24 19:35:39"
183,"2014-11-25 05:08:07",0,0,1,"2014-11-25 05:08:07"
184,"2014-11-26 15:47:20",0,0,1,"2014-11-26 15:47:20"
185,"2014-11-29 20:05:46",0,0,1,"2014-11-29 20:05:46"
186,"2014-11-29 21:25:59",0,0,1,"2014-11-29 21:25:59"
187,"2014-12-01 19:51:06",0,0,1,"2014-12-01 19:51:06"
188,"2014-12-02 18:25:41",0,0,1,"2014-12-02 18:25:41"
189,"2014-12-02 20:02:52",0,0,1,"2014-12-02 20:02:52"
190,"2014-12-02 22:38:00",0,0,1,"2014-12-02 22:38:00"
191,"2014-12-02 23:02:15",0,0,1,"2014-12-02 23:02:15"
192,"2014-12-03 01:49:55",0,0,1,"2014-12-03 01:49:55"
193,"2014-12-05 02:04:05",0,0,1,"2014-12-05 02:04:05"
194,"2014-12-05 15:55:05",0,0,1,"2014-12-05 15:55:05"
195,"2014-12-06 22:42:57",0,0,1,"2014-12-06 22:42:57"
196,"2014-12-09 02:22:03",0,0,1,"2014-12-09 02:22:03"
197,"2016-03-18 13:19:52",0,0,1,"2014-12-10 13:05:11"
198,"2014-12-10 23:12:52",0,0,1,"2014-12-10 23:12:52"
199,"2016-05-11 19:07:55",0,0,1,"2014-12-13 21:12:04"
201,"2016-07-12 13:14:13",0,0,1,"2014-12-16 02:02:52"
202,"2014-12-16 02:14:27",0,0,1,"2014-12-16 02:14:27"
203,"2014-12-16 15:10:53",0,0,1,"2014-12-16 15:10:53"
204,"2014-12-16 15:23:05",0,0,0,"2014-12-16 15:23:05"
205,"2014-12-16 20:36:54",0,0,1,"2014-12-16 20:36:54"
206,"2014-12-16 20:42:47",0,0,1,"2014-12-16 20:42:47"
207,"2014-12-16 21:11:16",0,0,1,"2014-12-16 21:11:16"
208,"2014-12-20 21:04:43",0,0,1,"2014-12-20 21:04:43"
209,"2014-12-20 21:45:13",0,0,1,"2014-12-20 21:45:13"
210,"2014-12-24 17:27:14",0,0,1,"2014-12-24 17:27:14"
211,"2015-09-06 16:23:55",1,1,1,"2014-12-28 04:48:20"
212,"2014-12-29 22:39:43",0,0,1,"2014-12-29 22:39:43"
213,"2015-01-05 16:56:00",0,0,1,"2015-01-05 16:56:00"
214,"2015-01-07 20:07:48",0,0,1,"2015-01-07 20:07:48"
215,"2015-01-07 20:08:40",0,0,1,"2015-01-07 20:08:40"
216,"2015-01-08 00:57:29",0,0,1,"2015-01-08 00:57:29"
217,"2016-05-18 02:27:02",0,0,1,"2015-01-08 19:49:54"
218,"2015-01-09 15:52:43",0,0,1,"2015-01-09 15:52:43"
219,"2015-01-12 16:07:52",0,0,1,"2015-01-12 16:07:52"
220,"2015-01-12 16:09:08",0,0,1,"2015-01-12 16:09:08"
221,"2015-01-12 16:12:36",0,0,1,"2015-01-12 16:12:36"
222,"2015-01-14 00:36:11",0,0,1,"2015-01-14 00:36:11"
223,"2015-01-16 02:06:49",0,0,1,"2015-01-16 02:06:49"
224,"2015-01-20 03:00:50",0,0,1,"2015-01-20 03:00:50"
225,"2015-01-20 13:40:40",0,0,1,"2015-01-20 13:40:40"
226,"2015-01-20 15:36:33",0,0,1,"2015-01-20 15:36:33"
227,"2015-01-21 01:38:07",0,0,1,"2015-01-21 01:38:07"
229,"2015-01-21 22:38:15",0,0,1,"2015-01-21 22:38:15"
230,"2015-01-22 00:49:18",0,0,1,"2015-01-22 00:49:18"
232,"2015-01-22 18:05:51",0,0,1,"2015-01-22 18:05:51"
233,"2015-01-23 13:54:11",0,0,1,"2015-01-23 13:54:11"
234,"2015-01-24 14:38:53",0,0,1,"2015-01-24 14:38:53"
235,"2015-01-24 15:35:24",0,0,1,"2015-01-24 15:35:24"
236,"2015-01-24 16:00:55",0,0,1,"2015-01-24 16:00:55"
237,"2015-01-24 16:10:05",0,0,1,"2015-01-24 16:10:05"
238,"2015-01-26 13:57:25",0,0,1,"2015-01-26 13:57:25"
239,"2015-01-26 22:40:54",0,0,1,"2015-01-26 22:40:54"
241,"2015-01-28 19:14:04",0,0,1,"2015-01-28 19:14:04"
242,"2015-01-28 19:17:30",0,0,1,"2015-01-28 19:17:30"
243,"2015-01-30 18:26:14",0,0,1,"2015-01-30 18:26:14"
244,"2015-01-30 18:29:49",0,0,1,"2015-01-30 18:29:49"
245,"2015-02-05 00:28:01",0,0,1,"2015-02-05 00:28:01"
246,"2015-02-10 01:33:09",0,0,1,"2015-02-10 01:33:09"
247,"2015-02-25 19:04:51",0,0,1,"2015-02-11 23:32:10"
248,"2015-02-12 14:17:19",0,0,1,"2015-02-12 14:17:19"
249,"2015-02-17 13:23:07",0,0,1,"2015-02-17 13:23:07"
250,"2015-02-17 15:38:47",0,0,1,"2015-02-17 15:38:47"
251,"2015-02-17 15:49:35",0,0,1,"2015-02-17 15:49:35"
252,"2015-02-17 16:05:56",0,0,1,"2015-02-17 16:05:56"
253,"2015-02-17 17:55:29",0,0,1,"2015-02-17 17:55:29"
254,"2015-02-17 19:06:31",0,0,1,"2015-02-17 19:06:31"
255,"2015-02-17 22:00:49",0,0,1,"2015-02-17 22:00:49"
256,"2015-02-18 18:58:27",0,0,1,"2015-02-18 18:58:27"
257,"2015-02-19 02:47:42",0,0,1,"2015-02-19 02:47:42"
259,"2015-02-20 19:08:43",0,0,1,"2015-02-20 19:08:43"
260,"2015-02-20 21:01:02",0,0,1,"2015-02-20 21:01:02"
262,"2015-02-25 14:10:18",0,0,1,"2015-02-25 14:10:18"
263,"2015-02-25 15:53:02",0,0,1,"2015-02-25 15:53:02"
264,"2015-02-25 16:39:58",0,0,1,"2015-02-25 16:39:58"
266,"2015-02-25 21:47:25",0,0,1,"2015-02-25 21:47:25"
269,"2015-02-26 20:04:49",0,0,1,"2015-02-26 20:04:49"
270,"2016-06-03 00:26:50",0,0,1,"2015-02-26 22:11:59"
272,"2015-10-14 18:52:08",0,0,1,"2015-03-01 20:32:15"
273,"2015-04-23 19:43:04",0,0,1,"2015-03-02 20:43:40"
274,"2015-03-03 00:11:09",0,0,1,"2015-03-03 00:11:09"
275,"2015-03-03 02:25:57",0,0,1,"2015-03-03 02:25:57"
276,"2016-08-31 17:39:06",0,0,1,"2015-03-04 16:00:25"
277,"2015-03-04 17:47:54",0,0,1,"2015-03-04 17:47:54"
279,"2015-06-25 21:51:04",0,0,1,"2015-03-05 00:56:06"
280,"2015-03-05 21:01:49",0,0,1,"2015-03-05 21:01:49"
286,"2015-03-09 18:25:56",0,0,1,"2015-03-09 18:25:56"
287,"2015-09-08 21:07:30",0,0,1,"2015-03-09 18:59:03"
289,"2015-03-10 12:56:43",0,0,1,"2015-03-10 12:56:43"
290,"2015-03-10 13:53:26",0,0,1,"2015-03-10 13:53:26"
291,"2015-03-11 01:00:42",0,0,1,"2015-03-11 01:00:42"
292,"2015-03-11 01:38:45",0,0,1,"2015-03-11 01:38:45"
293,"2015-03-11 13:37:00",0,0,1,"2015-03-11 13:37:00"
294,"2015-03-11 14:47:03",0,0,1,"2015-03-11 14:47:03"
295,"2015-03-11 23:18:49",0,0,1,"2015-03-11 23:18:49"
296,"2015-03-13 01:43:42",0,0,1,"2015-03-13 01:43:42"
299,"2015-03-16 12:50:02",0,0,1,"2015-03-16 12:50:02"
300,"2015-03-16 17:20:21",0,0,1,"2015-03-16 17:20:21"
301,"2015-03-16 21:21:50",0,0,1,"2015-03-16 21:21:50"
302,"2015-03-17 00:51:16",0,0,1,"2015-03-17 00:51:16"
303,"2015-03-17 01:47:08",0,0,1,"2015-03-17 01:47:08"
304,"2015-03-17 02:25:17",0,0,1,"2015-03-17 02:25:17"
305,"2015-03-17 02:44:30",0,0,1,"2015-03-17 02:44:30"
306,"2015-03-17 02:58:25",0,0,1,"2015-03-17 02:58:25"
307,"2015-03-18 01:45:48",0,0,1,"2015-03-18 01:45:48"
308,"2015-03-19 00:37:34",0,0,1,"2015-03-19 00:37:34"
309,"2015-03-19 00:54:32",0,0,1,"2015-03-19 00:54:32"
310,"2015-03-19 01:06:07",0,0,1,"2015-03-19 01:06:07"
311,"2016-03-17 15:57:09",0,0,1,"2015-03-19 02:28:11"
312,"2015-03-20 23:15:18",0,0,1,"2015-03-20 23:15:18"
313,"2015-03-21 00:00:16",0,0,1,"2015-03-21 00:00:16"
314,"2015-03-21 00:32:25",0,0,1,"2015-03-21 00:32:25"
315,"2015-08-13 14:08:59",1,1,1,"2015-03-21 16:27:10"
316,"2015-03-24 00:56:59",0,0,1,"2015-03-24 00:56:59"
317,"2016-06-28 20:46:04",0,0,1,"2015-03-24 18:45:47"
318,"2015-03-24 19:33:50",0,0,1,"2015-03-24 19:33:50"
319,"2015-03-24 23:07:04",0,0,1,"2015-03-24 23:07:04"
320,"2015-03-24 23:14:34",0,0,1,"2015-03-24 23:14:34"
321,"2015-09-30 13:33:03",0,0,1,"2015-03-25 23:57:47"
322,"2015-03-26 00:07:01",0,0,1,"2015-03-26 00:07:01"
323,"2015-03-26 23:59:10",0,0,1,"2015-03-26 23:59:10"
325,"2015-03-27 10:49:51",0,0,1,"2015-03-27 10:49:51"
326,"2015-04-01 12:31:08",0,0,1,"2015-04-01 12:31:08"
327,"2015-04-03 00:25:30",0,0,1,"2015-04-03 00:25:30"
328,"2015-04-03 21:05:36",0,0,1,"2015-04-03 21:05:36"
329,"2015-04-03 22:19:45",0,0,1,"2015-04-03 22:19:45"
330,"2015-04-08 11:57:47",0,0,1,"2015-04-08 11:57:47"
331,"2015-04-09 12:49:08",0,0,1,"2015-04-09 12:49:08"
332,"2015-04-09 13:16:53",0,0,1,"2015-04-09 13:16:53"
333,"2015-04-09 22:34:52",0,0,1,"2015-04-09 22:34:52"
334,"2015-04-10 15:20:40",0,0,1,"2015-04-10 15:20:39"
340,"2015-04-16 01:07:20",0,0,1,"2015-04-16 01:07:20"
344,"2015-04-17 17:41:56",0,0,1,"2015-04-17 17:41:56"
345,"2015-04-18 17:38:43",0,0,1,"2015-04-18 17:38:43"
346,"2015-04-18 18:05:06",0,0,1,"2015-04-18 18:05:06"
347,"2015-04-18 18:10:08",0,0,1,"2015-04-18 18:10:08"
348,"2015-04-18 18:50:07",0,0,1,"2015-04-18 18:50:07"
349,"2015-04-20 14:50:42",0,0,1,"2015-04-20 14:50:42"
350,"2015-04-20 20:38:46",0,0,1,"2015-04-20 20:38:46"
351,"2015-04-20 22:03:50",0,0,1,"2015-04-20 22:03:50"
352,"2015-04-20 22:14:04",0,0,1,"2015-04-20 22:14:04"
353,"2015-04-20 22:22:48",0,0,1,"2015-04-20 22:22:48"
354,"2015-04-21 00:20:55",0,0,1,"2015-04-21 00:20:55"
357,"2015-04-21 21:40:34",0,0,1,"2015-04-21 21:40:34"
358,"2015-04-22 01:10:39",0,0,1,"2015-04-22 01:10:39"
359,"2015-04-22 17:43:28",0,0,1,"2015-04-22 17:43:28"
360,"2015-07-21 17:40:09",0,0,1,"2015-04-22 23:44:54"
361,"2015-04-23 00:33:44",0,0,1,"2015-04-23 00:33:44"
362,"2015-04-23 01:17:39",0,0,1,"2015-04-23 01:17:39"
363,"2015-04-23 01:41:09",0,0,1,"2015-04-23 01:41:09"
365,"2015-04-26 21:06:53",0,0,1,"2015-04-26 21:06:53"
366,"2015-04-27 13:19:48",0,0,1,"2015-04-27 13:19:48"
367,"2015-04-27 15:56:10",0,0,1,"2015-04-27 15:56:10"
369,"2015-04-29 14:32:42",0,0,1,"2015-04-29 14:32:42"
370,"2016-03-23 14:42:23",0,0,1,"2015-04-29 14:34:38"
371,"2015-04-30 01:07:04",0,0,1,"2015-04-30 01:07:04"
372,"2015-04-30 01:12:32",0,0,1,"2015-04-30 01:12:32"
373,"2015-04-30 02:29:43",0,0,1,"2015-04-30 02:29:43"
374,"2015-04-30 19:40:29",0,0,1,"2015-04-30 19:40:29"
376,"2015-05-02 13:12:33",0,0,1,"2015-05-02 13:12:33"
377,"2015-05-04 18:02:47",0,0,1,"2015-05-04 18:02:47"
378,"2015-05-04 21:48:13",0,0,1,"2015-05-04 21:48:13"
380,"2015-05-06 13:02:14",0,0,1,"2015-05-06 13:02:14"
381,"2015-05-07 01:01:04",0,0,1,"2015-05-07 01:01:04"
382,"2015-05-08 00:50:27",0,0,1,"2015-05-08 00:50:27"
383,"2015-05-08 13:29:28",0,0,1,"2015-05-08 13:29:28"
384,"2015-05-08 20:20:28",0,0,1,"2015-05-08 20:20:28"
385,"2015-05-09 01:29:15",0,0,1,"2015-05-09 01:29:15"
386,"2015-05-09 01:47:58",0,0,1,"2015-05-09 01:47:58"
388,"2015-05-11 18:07:18",0,0,1,"2015-05-11 18:07:18"
389,"2015-05-12 01:00:53",0,0,1,"2015-05-12 01:00:53"
390,"2015-05-12 01:56:43",0,0,1,"2015-05-12 01:56:43"
391,"2015-05-12 23:49:34",0,0,1,"2015-05-12 23:49:34"
392,"2015-05-13 00:17:00",0,0,1,"2015-05-13 00:17:00"
393,"2015-05-13 00:39:12",0,0,1,"2015-05-13 00:39:12"
394,"2015-05-15 00:04:28",0,0,1,"2015-05-15 00:04:28"
395,"2015-05-15 00:36:08",0,0,1,"2015-05-15 00:36:08"
396,"2015-05-15 00:54:48",0,0,1,"2015-05-15 00:54:48"
397,"2015-05-15 14:06:43",0,0,1,"2015-05-15 14:06:43"
399,"2015-05-16 13:24:15",0,0,1,"2015-05-16 13:24:15"
400,"2015-05-16 14:22:07",0,0,1,"2015-05-16 14:22:07"
401,"2015-05-18 12:47:26",0,0,1,"2015-05-18 12:47:26"
402,"2015-05-18 12:57:14",0,0,1,"2015-05-18 12:57:14"
404,"2015-05-18 13:05:02",0,0,1,"2015-05-18 13:05:02"
405,"2015-05-18 13:09:10",0,0,1,"2015-05-18 13:09:10"
406,"2015-05-18 13:12:38",0,0,1,"2015-05-18 13:12:38"
407,"2015-05-18 13:16:06",0,0,1,"2015-05-18 13:16:06"
408,"2015-05-18 13:18:48",0,0,1,"2015-05-18 13:18:48"
409,"2015-05-18 13:21:57",0,0,1,"2015-05-18 13:21:57"
410,"2015-05-18 13:25:29",0,0,1,"2015-05-18 13:25:29"
411,"2015-05-18 13:32:07",0,0,1,"2015-05-18 13:32:07"
412,"2015-05-18 13:35:32",0,0,1,"2015-05-18 13:35:32"
413,"2016-03-16 13:54:59",0,0,1,"2015-05-18 13:38:20"
414,"2015-05-18 13:40:37",0,0,1,"2015-05-18 13:40:37"
415,"2015-05-18 13:43:13",0,0,1,"2015-05-18 13:43:13"
416,"2015-05-18 13:47:57",0,0,1,"2015-05-18 13:47:57"
417,"2015-05-18 13:53:26",0,0,1,"2015-05-18 13:53:26"
418,"2015-05-18 14:01:52",0,0,1,"2015-05-18 14:01:52"
419,"2015-05-18 14:14:18",0,0,1,"2015-05-18 14:14:18"
420,"2015-05-18 14:18:57",0,0,1,"2015-05-18 14:18:57"
421,"2015-05-18 14:25:15",0,0,1,"2015-05-18 14:25:15"
422,"2015-05-18 14:31:19",0,0,1,"2015-05-18 14:31:19"
423,"2015-05-18 14:34:15",0,0,1,"2015-05-18 14:34:15"
424,"2015-05-18 14:43:22",0,0,1,"2015-05-18 14:43:22"
425,"2015-05-18 14:47:35",0,0,1,"2015-05-18 14:47:35"
426,"2015-05-18 14:50:26",0,0,1,"2015-05-18 14:50:26"
427,"2015-05-18 17:41:09",0,0,1,"2015-05-18 17:41:08"
428,"2015-05-20 14:06:51",0,0,1,"2015-05-20 14:06:50"
429,"2015-05-21 01:15:04",0,0,1,"2015-05-21 01:15:04"
430,"2015-05-22 14:46:01",0,0,1,"2015-05-22 14:46:00"
431,"2015-05-23 14:41:32",0,0,1,"2015-05-23 14:41:32"
432,"2015-05-26 17:59:41",0,0,1,"2015-05-26 17:59:41"
433,"2015-05-29 02:32:08",0,0,1,"2015-05-29 02:32:08"
434,"2015-05-29 12:14:55",0,0,1,"2015-05-29 12:14:55"
435,"2015-05-29 12:25:17",0,0,1,"2015-05-29 12:25:17"
436,"2015-05-29 12:30:29",0,0,1,"2015-05-29 12:30:29"
437,"2015-05-29 12:35:37",0,0,1,"2015-05-29 12:35:37"
438,"2015-05-29 12:46:32",0,0,1,"2015-05-29 12:46:32"
439,"2015-05-29 12:52:54",0,0,1,"2015-05-29 12:52:54"
440,"2015-05-29 12:59:49",0,0,1,"2015-05-29 12:59:49"
441,"2015-05-29 13:03:21",0,0,1,"2015-05-29 13:03:21"
442,"2015-05-29 13:06:10",0,0,1,"2015-05-29 13:06:10"
443,"2015-05-29 13:16:20",0,0,1,"2015-05-29 13:16:20"
444,"2015-05-29 13:18:48",0,0,1,"2015-05-29 13:18:48"
445,"2015-05-29 13:24:26",0,0,1,"2015-05-29 13:24:26"
446,"2015-05-29 13:30:00",0,0,1,"2015-05-29 13:30:00"
447,"2015-05-29 13:38:38",0,0,1,"2015-05-29 13:38:38"
448,"2015-05-29 13:47:06",0,0,1,"2015-05-29 13:47:06"
449,"2015-06-04 14:21:36",0,0,1,"2015-06-04 14:21:36"
450,"2015-06-04 14:25:02",0,0,1,"2015-06-04 14:25:02"
451,"2015-06-04 14:29:59",0,0,1,"2015-06-04 14:29:59"
452,"2015-06-04 14:43:29",0,0,1,"2015-06-04 14:43:29"
453,"2015-06-04 14:51:36",0,0,1,"2015-06-04 14:51:36"
454,"2015-06-04 14:54:31",0,0,1,"2015-06-04 14:54:31"
455,"2015-06-04 14:58:58",0,0,1,"2015-06-04 14:58:58"
456,"2015-06-04 15:02:27",0,0,1,"2015-06-04 15:02:27"
457,"2015-06-04 15:10:13",0,0,1,"2015-06-04 15:10:13"
458,"2015-06-04 15:14:27",0,0,1,"2015-06-04 15:14:27"
459,"2015-06-04 15:16:52",0,0,1,"2015-06-04 15:16:52"
460,"2015-06-04 15:23:13",0,0,1,"2015-06-04 15:23:13"
461,"2015-06-04 15:32:40",0,0,1,"2015-06-04 15:32:40"
462,"2015-06-04 15:39:00",0,0,1,"2015-06-04 15:39:00"
463,"2015-06-04 15:43:45",0,0,1,"2015-06-04 15:43:45"
464,"2015-06-04 15:48:53",0,0,1,"2015-06-04 15:48:53"
465,"2015-06-04 17:07:01",0,0,1,"2015-06-04 17:07:01"
466,"2015-06-04 17:13:29",0,0,1,"2015-06-04 17:13:29"
470,"2015-07-07 14:14:02",0,0,1,"2015-06-25 15:11:55"
472,"2015-06-25 18:08:06",0,0,1,"2015-06-25 18:08:06"
473,"2015-06-25 18:14:18",0,0,1,"2015-06-25 18:14:18"
474,"2015-06-25 18:39:57",0,0,1,"2015-06-25 18:39:57"
475,"2015-07-01 19:19:58",0,0,1,"2015-07-01 19:19:58"
476,"2015-07-01 19:25:25",0,0,1,"2015-07-01 19:25:25"
477,"2015-07-01 19:28:59",0,0,1,"2015-07-01 19:28:59"
478,"2015-07-01 19:32:43",0,0,1,"2015-07-01 19:32:43"
479,"2015-07-01 19:36:34",0,0,1,"2015-07-01 19:36:34"
480,"2015-07-01 19:39:06",0,0,1,"2015-07-01 19:39:06"
481,"2015-07-01 19:42:03",0,0,1,"2015-07-01 19:42:03"
482,"2015-07-01 19:49:52",0,0,1,"2015-07-01 19:49:52"
483,"2015-07-01 19:55:50",0,0,1,"2015-07-01 19:55:50"
484,"2015-07-14 00:35:06",0,0,1,"2015-07-14 00:35:06"
485,"2015-07-15 23:26:47",0,0,1,"2015-07-15 23:26:47"
486,"2015-07-16 14:09:38",0,0,1,"2015-07-16 14:09:38"
487,"2015-07-16 14:13:13",0,0,1,"2015-07-16 14:13:13"
488,"2015-07-16 14:17:40",0,0,1,"2015-07-16 14:17:40"
489,"2015-07-16 14:23:30",0,0,1,"2015-07-16 14:23:30"
490,"2015-07-16 14:25:51",0,0,1,"2015-07-16 14:25:51"
491,"2015-07-16 14:33:36",0,0,1,"2015-07-16 14:33:36"
492,"2015-07-16 14:44:52",0,0,1,"2015-07-16 14:44:52"
493,"2015-07-16 14:54:43",0,0,1,"2015-07-16 14:54:43"
494,"2015-07-16 15:08:19",0,0,1,"2015-07-16 15:08:19"
496,"2015-07-30 14:09:06",0,0,1,"2015-07-20 17:54:10"
501,"2015-08-24 12:54:01",0,0,1,"2015-08-24 12:54:01"
502,"2015-08-25 17:40:27",0,0,1,"2015-08-25 17:40:27"
503,"2015-08-27 00:31:31",0,0,1,"2015-08-27 00:31:31"
504,"2015-08-27 00:46:27",0,0,1,"2015-08-27 00:46:27"
505,"2015-08-28 01:14:05",0,0,1,"2015-08-28 01:14:05"
506,"2015-08-29 12:22:18",0,0,1,"2015-08-29 12:22:18"
507,"2015-08-31 14:28:24",0,0,1,"2015-08-31 14:28:24"
508,"2015-09-01 01:15:30",0,0,1,"2015-09-01 01:15:30"
509,"2015-09-01 23:55:12",0,0,1,"2015-09-01 23:55:12"
510,"2015-11-15 19:15:59",0,0,0,"2015-09-04 16:51:46"
514,"2015-09-23 21:56:16",0,0,1,"2015-09-23 21:15:36"
515,"2015-10-06 14:25:08",0,0,1,"2015-10-06 14:25:07"
521,"2015-12-23 19:49:54",1,1,1,"2015-11-30 14:10:45"
524,"2016-02-22 16:21:44",0,0,1,"2016-02-22 16:21:44"
530,"2016-05-21 23:47:39",0,0,1,"2016-03-15 21:10:48"
533,"2016-08-29 23:33:40",0,0,1,"2016-03-16 17:05:21"
537,"2016-03-20 21:29:45",0,0,1,"2016-03-20 21:29:45"
540,"2016-04-05 00:25:35",0,0,1,"2016-04-05 00:25:35"
541,"2016-04-05 00:36:18",0,0,1,"2016-04-05 00:36:18"
542,"2016-04-06 23:49:48",0,0,1,"2016-04-06 23:49:48"
543,"2016-04-07 00:22:15",0,0,1,"2016-04-07 00:22:15"
544,"2016-06-03 18:25:14",0,0,1,"2016-04-08 00:00:17"
545,"2016-04-08 18:21:09",0,0,1,"2016-04-08 18:21:09"
546,"2016-04-09 00:33:26",0,0,1,"2016-04-09 00:33:26"
548,"2016-04-16 00:57:40",0,0,1,"2016-04-16 00:57:40"
549,"2016-04-18 17:55:38",0,0,1,"2016-04-18 17:55:38"
550,"2016-04-22 15:42:00",0,0,1,"2016-04-22 15:42:00"
551,"2016-04-23 15:33:19",0,0,1,"2016-04-23 15:33:19"
552,"2016-05-16 02:26:51",1,1,1,"2016-04-25 00:10:28"
553,"2016-04-25 00:29:58",0,0,1,"2016-04-25 00:29:58"
554,"2016-04-28 11:36:37",0,0,1,"2016-04-28 11:36:37"
555,"2016-05-06 17:27:57",0,0,1,"2016-05-06 17:27:57"
556,"2016-05-07 15:33:41",0,0,1,"2016-05-07 15:31:52"
557,"2016-05-09 13:33:18",0,0,1,"2016-05-09 13:33:18"
558,"2016-05-11 12:12:26",0,0,1,"2016-05-11 12:12:26"
559,"2016-05-11 20:50:06",0,0,1,"2016-05-11 20:50:06"
560,"2016-05-11 23:14:45",0,0,1,"2016-05-11 23:14:45"
562,"2016-05-12 18:38:44",0,0,1,"2016-05-12 18:38:44"
563,"2016-05-12 23:03:26",0,0,1,"2016-05-12 23:03:26"
567,"2016-05-16 23:50:46",0,0,1,"2016-05-16 23:50:46"
568,"2016-05-17 18:44:42",0,0,1,"2016-05-17 18:44:42"
569,"2016-05-20 00:07:51",0,0,1,"2016-05-20 00:07:51"
570,"2016-05-20 12:41:19",0,0,1,"2016-05-20 12:41:19"
571,"2016-05-20 15:15:21",0,0,1,"2016-05-20 15:15:21"
572,"2016-05-20 15:41:06",0,0,1,"2016-05-20 15:41:06"
573,"2016-05-25 01:12:35",0,0,1,"2016-05-25 01:12:35"
574,"2016-05-25 14:06:20",0,0,1,"2016-05-25 14:06:20"
575,"2016-05-25 14:09:31",0,0,1,"2016-05-25 14:09:31"
576,"2016-05-28 00:32:32",0,0,1,"2016-05-28 00:32:32"
577,"2016-05-28 00:42:03",0,0,1,"2016-05-28 00:42:03"
578,"2016-06-02 00:34:48",0,0,1,"2016-06-02 00:34:48"
579,"2016-06-02 15:26:59",0,0,1,"2016-06-02 15:26:59"
580,"2016-06-04 14:58:44",0,0,1,"2016-06-04 14:58:44"
581,"2016-06-06 23:56:03",0,0,1,"2016-06-06 23:56:03"
585,"2016-06-14 22:48:02",0,0,1,"2016-06-14 22:48:02"
586,"2016-06-22 23:50:04",0,0,1,"2016-06-22 23:50:04"
587,"2016-06-28 16:34:36",0,0,1,"2016-06-28 16:34:36"
588,"2016-06-29 15:30:15",0,0,1,"2016-06-29 15:30:15"
589,"2016-06-29 21:12:24",0,0,1,"2016-06-29 21:12:24"
590,"2016-07-06 13:55:38",0,0,1,"2016-07-06 13:55:38"
592,"2016-07-08 01:47:42",0,0,1,"2016-07-08 01:47:42"
593,"2016-07-26 00:50:43",0,0,1,"2016-07-26 00:50:43"
594,"2016-07-26 12:45:22",0,0,1,"2016-07-26 12:45:22"
595,"2016-08-04 16:02:14",0,0,1,"2016-08-04 16:02:14"
597,"2016-08-18 12:46:45",0,0,1,"2016-08-10 17:56:33"
598,"2016-08-23 15:02:16",0,0,1,"2016-08-17 14:30:00"
599,"2016-08-30 17:30:51",0,0,1,"2016-08-18 12:45:52"
602,"2016-08-31 13:47:23",0,0,1,"2016-08-31 13:47:23"
