id,manager_slug,date_created,user_id,comment
37,default,"2014-07-22 14:28:01",NULL,
40,default,"2014-07-22 14:29:25",NULL,
43,default,"2014-07-22 14:29:29",NULL,
46,default,"2014-07-22 14:30:12",NULL,
62,default,"2014-07-22 14:32:49",NULL,
63,default,"2014-07-22 14:32:50",NULL,
66,default,"2014-07-22 14:32:52",NULL,
70,default,"2014-07-22 14:34:21",NULL,
71,default,"2014-07-22 14:34:21",NULL,
73,default,"2014-07-22 14:34:24",NULL,
75,default,"2014-07-22 14:34:32",NULL,
76,default,"2014-07-22 14:34:32",NULL,
77,default,"2014-07-22 14:35:24",NULL,
78,default,"2014-07-22 14:35:24",NULL,
83,default,"2014-07-22 14:35:31",NULL,
84,default,"2014-07-22 14:36:00",NULL,
85,default,"2014-07-22 14:36:00",NULL,
90,default,"2014-07-22 14:38:03",NULL,
91,default,"2014-07-22 14:38:27",NULL,
92,default,"2014-07-22 14:38:27",NULL,
125,default,"2014-07-22 14:50:13",NULL,
126,default,"2014-07-22 14:50:14",NULL,
129,default,"2014-07-22 14:50:17",NULL,
130,default,"2014-07-22 14:52:39",NULL,
132,default,"2014-07-22 14:52:39",NULL,
134,default,"2014-07-22 14:52:58",NULL,
135,default,"2014-07-22 14:52:59",NULL,
138,default,"2014-07-22 14:54:23",NULL,
139,default,"2014-07-22 14:54:23",NULL,
147,default,"2014-07-22 14:56:13",NULL,
148,default,"2014-07-22 14:56:13",NULL,
151,default,"2014-07-22 14:56:16",NULL,
152,default,"2014-07-22 14:58:03",NULL,
154,default,"2014-07-22 14:58:04",NULL,
156,default,"2014-07-22 14:58:11",NULL,
157,default,"2014-07-22 14:58:12",NULL,
160,default,"2014-07-22 14:58:33",NULL,
161,default,"2014-07-22 14:58:33",NULL,
164,default,"2014-07-22 15:05:06",NULL,
165,default,"2014-07-22 15:05:06",NULL,
168,default,"2014-07-22 15:06:22",NULL,
170,default,"2014-07-22 15:06:22",NULL,
172,default,"2014-07-22 15:06:41",NULL,
173,default,"2014-07-22 15:06:41",NULL,
176,default,"2014-07-22 15:07:04",NULL,
177,default,"2014-07-22 15:07:04",NULL,
181,default,"2014-07-22 15:08:37",NULL,
182,default,"2014-07-22 15:08:37",NULL,
184,default,"2014-07-22 15:08:39",NULL,
185,default,"2014-07-22 15:09:09",NULL,
186,default,"2014-07-22 15:09:09",NULL,
190,default,"2014-07-22 15:09:52",NULL,
191,default,"2014-07-22 15:11:05",NULL,
192,default,"2014-07-22 15:11:05",NULL,
195,default,"2014-07-22 15:11:26",NULL,
196,default,"2014-07-22 15:11:26",NULL,
199,default,"2014-07-22 15:12:03",NULL,
200,default,"2014-07-22 15:12:03",NULL,
208,default,"2014-07-22 15:13:11",NULL,
209,default,"2014-07-22 15:13:11",NULL,
212,default,"2014-07-22 15:13:14",NULL,
213,default,"2014-07-22 15:13:14",NULL,
214,default,"2014-07-22 15:13:15",NULL,
215,default,"2014-07-22 15:13:26",NULL,
216,default,"2014-07-22 15:13:26",NULL,
219,default,"2014-07-22 15:13:36",NULL,
220,default,"2014-07-22 15:13:36",NULL,
225,default,"2014-07-22 15:16:12",NULL,
366,default,"2014-07-22 17:58:50",3,
371,default,"2014-07-22 17:59:08",3,
372,default,"2014-07-22 17:59:08",3,
374,default,"2014-07-22 17:59:10",3,
376,default,"2014-07-22 18:00:27",3,
377,default,"2014-07-22 18:00:27",3,
380,default,"2014-07-22 18:00:47",3,
381,default,"2014-07-22 18:00:48",3,
384,default,"2014-07-22 18:01:28",3,
385,default,"2014-07-22 18:01:28",3,
390,default,"2014-07-22 18:02:33",3,
394,default,"2014-07-22 18:03:34",3,
395,default,"2014-07-22 18:03:34",3,
398,default,"2014-07-22 18:03:38",3,
399,default,"2014-07-22 18:03:55",3,
400,default,"2014-07-22 18:03:55",3,
403,default,"2014-07-22 18:06:36",3,
404,default,"2014-07-22 18:06:36",3,
405,default,"2014-07-22 18:07:14",3,
406,default,"2014-07-22 18:07:15",3,
411,default,"2014-07-22 18:08:23",3,
412,default,"2014-07-22 18:08:33",3,
413,default,"2014-07-22 18:08:33",3,
416,default,"2014-07-22 18:08:51",3,
418,default,"2014-07-22 18:08:52",3,
421,default,"2014-07-22 18:09:25",3,
422,default,"2014-07-22 18:09:26",3,
425,default,"2014-07-22 18:10:07",3,
1014,default,"2014-07-22 22:54:03",16,
1017,default,"2014-07-22 22:54:20",16,
1020,default,"2014-07-22 22:56:02",16,
1022,default,"2014-07-22 22:56:19",16,
1045,default,"2014-07-22 23:23:44",3,
1204,default,"2014-07-23 14:03:21",3,
1205,default,"2014-07-23 14:03:21",3,
1207,default,"2014-07-23 14:03:24",3,
1209,default,"2014-07-23 14:04:40",3,
1211,default,"2014-07-23 14:04:40",3,
1213,default,"2014-07-23 14:04:59",3,
1214,default,"2014-07-23 14:04:59",3,
1217,default,"2014-07-23 14:05:20",3,
1218,default,"2014-07-23 14:05:20",3,
1221,default,"2014-07-23 14:05:56",3,
1222,default,"2014-07-23 14:05:56",3,
1226,default,"2014-07-23 14:07:23",3,
1227,default,"2014-07-23 14:07:32",3,
1229,default,"2014-07-23 14:07:39",3,
1230,default,"2014-07-23 14:07:40",3,
1235,default,"2014-07-23 14:07:54",3,
1240,default,"2014-07-23 14:09:02",3,
1241,default,"2014-07-23 14:09:02",3,
1244,default,"2014-07-23 14:09:05",3,
1254,default,"2014-07-23 14:10:55",3,
1255,default,"2014-07-23 14:10:55",3,
1257,default,"2014-07-23 14:10:57",3,
1259,default,"2014-07-23 14:11:08",3,
1260,default,"2014-07-23 14:11:08",3,
1263,default,"2014-07-23 14:11:35",3,
1264,default,"2014-07-23 14:11:36",3,
1273,default,"2014-07-23 14:15:44",3,
1274,default,"2014-07-23 14:15:44",3,
1277,default,"2014-07-23 14:15:47",3,
1278,default,"2014-07-23 14:16:21",3,
1279,default,"2014-07-23 14:16:21",3,
1280,default,"2014-07-23 14:16:26",3,
1282,default,"2014-07-23 14:16:27",3,
1287,default,"2014-07-23 14:16:47",3,
1288,default,"2014-07-23 14:16:48",3,
1291,default,"2014-07-23 14:16:50",3,
1292,default,"2014-07-23 14:17:17",3,
1293,default,"2014-07-23 14:17:17",3,
1296,default,"2014-07-23 14:17:53",3,
1297,default,"2014-07-23 14:17:53",3,
1301,default,"2014-07-23 14:18:07",3,
1303,default,"2014-07-23 14:19:51",3,
1304,default,"2014-07-23 14:20:09",3,
1305,default,"2014-07-23 14:20:09",3,
1308,default,"2014-07-23 14:22:45",3,
1309,default,"2014-07-23 14:22:45",3,
1312,default,"2014-07-23 14:23:04",3,
1313,default,"2014-07-23 14:23:04",3,
1318,default,"2014-07-23 14:25:50",3,
1322,default,"2014-07-23 14:26:38",3,
1391,default,"2014-07-24 16:58:26",3,
1417,default,"2014-07-24 17:00:13",3,
1423,default,"2014-07-24 17:01:21",3,
1426,default,"2014-07-24 17:01:47",3,
1429,default,"2014-07-24 17:02:18",3,
1432,default,"2014-07-24 17:02:31",3,
1440,default,"2014-07-24 17:03:21",3,
1443,default,"2014-07-24 17:03:31",3,
1446,default,"2014-07-24 17:04:13",3,
1449,default,"2014-07-24 17:04:35",3,
1454,default,"2014-07-24 17:08:34",3,
1457,default,"2014-07-24 17:08:42",3,
1460,default,"2014-07-24 17:08:56",3,
1463,default,"2014-07-24 17:09:00",3,
1464,default,"2014-07-24 17:09:06",3,
1469,default,"2014-07-24 17:11:53",3,
1474,default,"2014-07-24 17:12:08",3,
1478,default,"2014-07-24 17:12:22",3,
1480,default,"2014-07-24 17:12:31",3,
1485,default,"2014-07-24 17:12:45",3,
1489,default,"2014-07-24 17:15:07",3,
1494,default,"2014-07-24 17:15:27",3,
1525,default,"2014-07-24 17:27:15",3,
1532,default,"2014-07-24 18:42:44",3,
1535,default,"2014-07-24 18:42:51",3,
1536,default,"2014-07-24 18:43:04",3,
1544,default,"2014-07-24 18:45:52",3,
1545,default,"2014-07-24 18:45:52",3,
1548,default,"2014-07-24 18:45:58",3,
1549,default,"2014-07-24 18:46:29",3,
1550,default,"2014-07-24 18:46:29",3,
1553,default,"2014-07-24 18:47:54",3,
1555,default,"2014-07-24 18:47:55",3,
1558,default,"2014-07-24 18:48:00",3,
1560,default,"2014-07-24 18:48:01",3,
1561,default,"2014-07-24 18:48:01",3,
1562,default,"2014-07-24 18:48:17",3,
1563,default,"2014-07-24 18:48:17",3,
1568,default,"2014-07-24 18:48:52",3,
1572,default,"2014-07-24 18:49:53",3,
1573,default,"2014-07-24 18:49:53",3,
1576,default,"2014-07-24 18:49:56",3,
1577,default,"2014-07-24 18:51:13",3,
1578,default,"2014-07-24 18:51:13",3,
1581,default,"2014-07-24 18:51:17",3,
1582,default,"2014-07-24 18:51:17",3,
1585,default,"2014-07-24 18:52:13",3,
1586,default,"2014-07-24 18:52:13",3,
1592,default,"2014-07-24 18:54:09",3,
1593,default,"2014-07-24 18:54:09",3,
1617,default,"2014-07-25 13:22:34",3,
1618,default,"2014-07-25 13:22:35",3,
1621,default,"2014-07-25 13:22:37",3,
1622,default,"2014-07-25 13:22:47",3,
1623,default,"2014-07-25 13:22:47",3,
1626,default,"2014-07-25 13:26:00",3,
1627,default,"2014-07-25 13:26:00",3,
1630,default,"2014-07-25 13:28:02",3,
1632,default,"2014-07-25 13:28:02",3,
1637,default,"2014-07-25 13:30:26",3,
1638,default,"2014-07-25 13:30:26",3,
1640,default,"2014-07-25 13:30:29",3,
1642,default,"2014-07-25 13:30:56",3,
1643,default,"2014-07-25 13:30:57",3,
1647,default,"2014-07-25 13:35:13",3,
1648,default,"2014-07-25 13:35:13",3,
1650,default,"2014-07-25 13:35:16",3,
1652,default,"2014-07-25 13:35:20",3,
1653,default,"2014-07-25 13:35:21",3,
1660,default,"2014-07-25 13:35:59",3,
1661,default,"2014-07-25 13:36:00",3,
1663,default,"2014-07-25 13:36:04",3,
1665,default,"2014-07-25 13:36:17",3,
1666,default,"2014-07-25 13:36:17",3,
1669,default,"2014-07-25 13:40:36",3,
1670,default,"2014-07-25 13:40:36",3,
1674,default,"2014-07-25 13:40:53",3,
1676,default,"2014-07-25 13:41:55",3,
1677,default,"2014-07-25 13:41:56",3,
1682,default,"2014-07-25 13:43:03",3,
1686,default,"2014-07-25 13:43:32",3,
1687,default,"2014-07-25 13:44:28",3,
1688,default,"2014-07-25 13:44:28",3,
1691,default,"2014-07-25 13:44:35",3,
1692,default,"2014-07-25 13:44:35",3,
1704,default,"2014-07-25 13:46:29",3,
1705,default,"2014-07-25 13:46:30",3,
1708,default,"2014-07-25 13:46:31",3,
1710,default,"2014-07-25 13:46:33",3,
1712,default,"2014-07-25 13:48:31",3,
1714,default,"2014-07-25 13:48:32",3,
1716,default,"2014-07-25 13:48:54",3,
1717,default,"2014-07-25 13:48:55",3,
1723,default,"2014-07-25 13:53:02",3,
1724,default,"2014-07-25 13:53:13",3,
1725,default,"2014-07-25 13:53:13",3,
1819,default,"2014-07-25 21:36:02",3,
1822,default,"2014-07-25 21:36:07",3,
1823,default,"2014-07-25 21:38:10",3,
1962,default,"2014-07-25 22:10:39",16,
1978,default,"2014-07-25 22:13:40",16,
1979,default,"2014-07-25 22:14:11",16,
1982,default,"2014-07-25 22:14:18",16,
2174,default,"2014-07-25 22:52:03",26,
2211,default,"2014-07-25 22:52:47",26,
2219,default,"2014-07-25 22:52:56",16,
2262,default,"2014-07-25 22:53:52",16,
2266,default,"2014-07-25 22:53:56",26,
2270,default,"2014-07-25 22:54:00",16,
2277,default,"2014-07-25 22:54:07",26,
2283,default,"2014-07-25 22:54:16",26,
2302,default,"2014-07-25 22:54:36",26,
2340,default,"2014-07-25 22:55:36",26,
2345,default,"2014-07-25 22:55:49",26,
2347,default,"2014-07-25 22:56:20",26,
2349,default,"2014-07-25 22:56:31",26,
2355,default,"2014-07-25 22:56:59",26,
2359,default,"2014-07-25 22:57:11",26,
2361,default,"2014-07-25 22:57:17",16,
2369,default,"2014-07-25 22:57:47",26,
2371,default,"2014-07-25 22:57:53",26,
2373,default,"2014-07-25 22:57:55",16,
2383,default,"2014-07-25 22:59:18",16,
2390,default,"2014-07-25 23:00:23",26,
2420,default,"2014-07-25 23:03:03",26,
2425,default,"2014-07-25 23:03:24",28,
2427,default,"2014-07-25 23:03:27",28,
2429,default,"2014-07-25 23:03:42",28,
2436,default,"2014-07-25 23:04:43",28,
2438,default,"2014-07-25 23:04:50",28,
2445,default,"2014-07-25 23:06:23",28,
2449,default,"2014-07-25 23:06:44",28,
2451,default,"2014-07-25 23:06:48",28,
2458,default,"2014-07-25 23:07:24",28,
2460,default,"2014-07-25 23:07:38",28,
2461,default,"2014-07-25 23:07:40",28,
2465,default,"2014-07-25 23:07:51",28,
2472,default,"2014-07-25 23:08:30",26,
2474,default,"2014-07-25 23:08:36",28,
2489,default,"2014-07-25 23:24:32",28,
2491,default,"2014-07-25 23:24:37",28,
2495,default,"2014-07-25 23:25:20",28,
2497,default,"2014-07-25 23:25:23",28,
2499,default,"2014-07-25 23:25:27",28,
2500,default,"2014-07-25 23:25:32",28,
2506,default,"2014-07-25 23:26:04",28,
2508,default,"2014-07-25 23:26:05",28,
2514,default,"2014-07-25 23:26:26",16,
2517,default,"2014-07-25 23:30:00",28,
2528,default,"2014-07-26 02:38:47",3,
2530,default,"2014-07-26 02:38:53",3,
3001,default,"2014-07-26 18:46:39",28,
3038,default,"2014-07-26 18:47:15",28,
3046,default,"2014-07-26 18:47:36",28,
3090,default,"2014-07-28 12:02:47",28,
3094,default,"2014-07-28 12:03:13",28,
3095,default,"2014-07-28 12:03:13",28,
3098,default,"2014-07-28 12:04:05",28,
3099,default,"2014-07-28 12:04:51",28,
3100,default,"2014-07-28 12:04:51",28,
3103,default,"2014-07-28 12:05:28",28,
3105,default,"2014-07-28 12:05:29",28,
3107,default,"2014-07-28 12:06:46",28,
3108,default,"2014-07-28 12:06:46",28,
3111,default,"2014-07-28 12:07:32",28,
3112,default,"2014-07-28 12:07:33",28,
3115,default,"2014-07-28 12:13:53",28,
3116,default,"2014-07-28 12:13:53",28,
3119,default,"2014-07-28 12:14:20",28,
3121,default,"2014-07-28 12:14:21",28,
3123,default,"2014-07-28 12:14:38",28,
3124,default,"2014-07-28 12:14:39",28,
3127,default,"2014-07-28 12:15:07",28,
3128,default,"2014-07-28 12:15:07",28,
3133,default,"2014-07-28 12:18:40",28,
3135,default,"2014-07-28 12:20:55",28,
3136,default,"2014-07-28 12:20:55",28,
3138,default,"2014-07-28 12:20:57",28,
3140,default,"2014-07-28 12:23:42",28,
3141,default,"2014-07-28 12:23:42",28,
3144,default,"2014-07-28 12:23:46",28,
3145,default,"2014-07-28 12:24:00",28,
3146,default,"2014-07-28 12:24:00",28,
3149,default,"2014-07-28 12:24:08",28,
3150,default,"2014-07-28 12:24:09",28,
3156,default,"2014-07-28 12:25:31",28,
3157,default,"2014-07-28 12:25:32",28,
3176,default,"2014-07-28 14:01:09",28,
3203,default,"2014-07-28 14:36:29",28,
3204,default,"2014-07-28 14:36:30",28,
3207,default,"2014-07-28 14:36:49",28,
3208,default,"2014-07-28 14:37:59",28,
3210,default,"2014-07-28 14:38:00",28,
3213,default,"2014-07-28 14:38:52",28,
3214,default,"2014-07-28 14:38:53",28,
3216,default,"2014-07-28 14:41:58",28,
3217,default,"2014-07-28 14:41:58",28,
3220,default,"2014-07-28 14:42:03",28,
3221,default,"2014-07-28 14:42:04",28,
3224,default,"2014-07-28 14:42:32",28,
3225,default,"2014-07-28 14:42:33",28,
3230,default,"2014-07-28 14:43:34",28,
3234,default,"2014-07-28 14:45:42",28,
3235,default,"2014-07-28 14:45:48",28,
3236,default,"2014-07-28 14:45:48",28,
3241,default,"2014-07-28 14:46:27",28,
3242,default,"2014-07-28 14:46:28",28,
3245,default,"2014-07-28 14:46:44",28,
3246,default,"2014-07-28 14:47:10",28,
3247,default,"2014-07-28 14:47:10",28,
3250,default,"2014-07-28 14:47:47",28,
3251,default,"2014-07-28 14:47:47",28,
3254,default,"2014-07-28 14:48:39",28,
3255,default,"2014-07-28 14:48:39",28,
3258,default,"2014-07-28 14:50:07",28,
3259,default,"2014-07-28 14:50:07",28,
3262,default,"2014-07-28 14:51:57",28,
3263,default,"2014-07-28 14:51:57",28,
3293,default,"2014-07-28 14:55:43",28,
3294,default,"2014-07-28 14:55:43",28,
3297,default,"2014-07-28 14:55:47",28,
3298,default,"2014-07-28 14:56:37",28,
3299,default,"2014-07-28 14:56:38",28,
3302,default,"2014-07-28 14:57:02",28,
3303,default,"2014-07-28 14:57:02",28,
3328,default,"2014-07-28 15:08:35",28,
3331,default,"2014-07-28 15:09:37",28,
3337,default,"2014-07-28 15:10:28",28,
3340,default,"2014-07-28 15:11:53",28,
3342,default,"2014-07-28 15:12:53",28,
3343,default,"2014-07-28 15:12:54",28,
3346,default,"2014-07-28 15:14:03",28,
3348,default,"2014-07-28 15:14:03",28,
3350,default,"2014-07-28 15:14:12",28,
3351,default,"2014-07-28 15:14:13",28,
3352,default,"2014-07-28 15:14:19",28,
3353,default,"2014-07-28 15:14:19",28,
3358,default,"2014-07-28 15:14:50",28,
3359,default,"2014-07-28 15:14:50",28,
3361,default,"2014-07-28 15:14:52",28,
3363,default,"2014-07-28 15:17:13",28,
3364,default,"2014-07-28 15:17:13",28,
3367,default,"2014-07-28 15:19:58",28,
3368,default,"2014-07-28 15:19:58",28,
3379,default,"2014-07-28 15:21:04",28,
3380,default,"2014-07-28 15:21:05",28,
3383,default,"2014-07-28 15:21:08",28,
3384,default,"2014-07-28 15:21:20",28,
3385,default,"2014-07-28 15:21:20",28,
3388,default,"2014-07-28 15:21:20",28,
3389,default,"2014-07-28 15:21:21",28,
3390,default,"2014-07-28 15:21:22",28,
3391,default,"2014-07-28 15:21:22",28,
3395,default,"2014-07-28 15:21:49",28,
3396,default,"2014-07-28 15:21:50",28,
3398,default,"2014-07-28 15:22:27",28,
3399,default,"2014-07-28 15:22:27",28,
3401,default,"2014-07-28 15:22:59",28,
3402,default,"2014-07-28 15:22:59",28,
3404,default,"2014-07-28 15:23:02",28,
3405,default,"2014-07-28 15:23:22",28,
3406,default,"2014-07-28 15:23:22",28,
3409,default,"2014-07-28 15:23:27",28,
3410,default,"2014-07-28 15:23:29",28,
3411,default,"2014-07-28 15:23:30",28,
3414,default,"2014-07-28 15:26:03",28,
3415,default,"2014-07-28 15:26:04",28,
3418,default,"2014-07-28 15:26:06",28,
3419,default,"2014-07-28 15:26:08",28,
3420,default,"2014-07-28 15:26:08",28,
3421,default,"2014-07-28 15:26:25",28,
3422,default,"2014-07-28 15:26:26",28,
3425,default,"2014-07-28 15:26:49",28,
3427,default,"2014-07-28 15:26:50",28,
3431,default,"2014-07-28 15:27:50",28,
3432,default,"2014-07-28 15:28:16",28,
3433,default,"2014-07-28 15:28:16",28,
3456,default,"2014-07-28 15:47:56",28,
3460,default,"2014-07-28 15:48:26",28,
3461,default,"2014-07-28 15:48:26",28,
3477,default,"2014-07-28 15:53:04",3,
3478,default,"2014-07-28 15:53:04",3,
3481,default,"2014-07-28 15:53:06",3,
3482,default,"2014-07-28 15:53:16",3,
3483,default,"2014-07-28 15:53:16",3,
3486,default,"2014-07-28 15:53:41",3,
3487,default,"2014-07-28 15:53:42",3,
3491,default,"2014-07-28 15:55:56",3,
3492,default,"2014-07-28 15:55:56",3,
3494,default,"2014-07-28 15:55:58",3,
3495,default,"2014-07-28 15:56:02",3,
3496,default,"2014-07-28 15:56:03",3,
3500,default,"2014-07-28 15:57:14",3,
3503,default,"2014-07-28 15:59:30",3,
3504,default,"2014-07-28 15:59:30",3,
3506,default,"2014-07-28 15:59:32",3,
3507,default,"2014-07-28 15:59:41",3,
3508,default,"2014-07-28 15:59:41",3,
3516,default,"2014-07-28 16:02:22",3,
3517,default,"2014-07-28 16:02:22",3,
3519,default,"2014-07-28 16:02:25",3,
3521,default,"2014-07-28 16:02:30",3,
3522,default,"2014-07-28 16:02:31",3,
3523,default,"2014-07-28 16:02:58",3,
3524,default,"2014-07-28 16:02:59",3,
3527,default,"2014-07-28 16:03:31",3,
3528,default,"2014-07-28 16:03:31",3,
3534,default,"2014-07-28 16:04:14",3,
3535,default,"2014-07-28 16:04:14",3,
3537,default,"2014-07-28 16:04:17",3,
3539,default,"2014-07-28 16:04:48",3,
3540,default,"2014-07-28 16:04:49",3,
3543,default,"2014-07-28 16:05:14",3,
3544,default,"2014-07-28 16:05:14",3,
3550,default,"2014-07-28 16:06:04",3,
3551,default,"2014-07-28 16:06:04",3,
3553,default,"2014-07-28 16:06:07",3,
3555,default,"2014-07-28 16:06:08",3,
3556,default,"2014-07-28 16:06:08",3,
3558,default,"2014-07-28 16:06:12",3,
3560,default,"2014-07-28 16:06:14",3,
3561,default,"2014-07-28 16:06:14",3,
3573,default,"2014-07-28 17:24:35",3,
3576,default,"2014-07-28 17:25:02",3,
3577,default,"2014-07-28 17:25:07",3,
3578,default,"2014-07-28 17:25:10",3,
3597,default,"2014-07-28 19:09:05",3,
3600,default,"2014-07-28 19:09:22",3,
3606,default,"2014-07-28 19:22:14",3,
3609,default,"2014-07-28 19:24:00",3,
3611,default,"2014-07-28 19:24:30",3,
3614,default,"2014-07-28 19:25:15",3,
3620,default,"2014-07-28 19:30:43",3,
3623,default,"2014-07-28 19:30:46",3,
3626,default,"2014-07-28 19:30:53",3,
3630,default,"2014-07-28 19:31:43",3,
3632,default,"2014-07-28 19:31:52",3,
3658,default,"2014-07-28 20:09:54",3,
3661,default,"2014-07-28 20:09:58",3,
3663,default,"2014-07-28 20:10:59",3,
3664,default,"2014-07-28 20:10:59",3,
3667,default,"2014-07-28 20:11:25",3,
3668,default,"2014-07-28 20:11:25",3,
3671,default,"2014-07-28 20:13:51",3,
3672,default,"2014-07-28 20:13:51",3,
3679,default,"2014-07-28 20:14:16",3,
3680,default,"2014-07-28 20:14:16",3,
3683,default,"2014-07-28 20:16:28",3,
3684,default,"2014-07-28 20:16:44",3,
3685,default,"2014-07-28 20:16:44",3,
3690,default,"2014-07-28 20:16:53",3,
3691,default,"2014-07-28 20:17:03",3,
3692,default,"2014-07-28 20:17:03",3,
3695,default,"2014-07-28 20:17:05",3,
3696,default,"2014-07-28 20:17:05",3,
3703,default,"2014-07-28 20:20:03",3,
3704,default,"2014-07-28 20:20:03",3,
3715,default,"2014-07-28 20:51:17",3,
3749,default,"2014-07-28 22:07:13",3,
3772,default,"2014-07-28 22:09:56",32,
3782,default,"2014-07-29 01:35:37",3,
3784,default,"2014-07-29 01:36:03",3,
3787,default,"2014-07-29 01:36:11",3,
3808,default,"2014-07-29 15:03:08",3,
3809,default,"2014-07-29 15:03:09",3,
3811,default,"2014-07-29 15:03:11",3,
3813,default,"2014-07-29 15:05:11",3,
3815,default,"2014-07-29 15:05:11",3,
3822,default,"2014-07-29 15:13:17",3,
3823,default,"2014-07-29 15:13:17",3,
3826,default,"2014-07-29 15:13:20",3,
3827,default,"2014-07-29 15:13:38",3,
3828,default,"2014-07-29 15:13:38",3,
3833,default,"2014-07-29 15:16:49",3,
3834,default,"2014-07-29 15:17:30",3,
3835,default,"2014-07-29 15:17:31",3,
3838,default,"2014-07-29 15:28:16",3,
3839,default,"2014-07-29 15:28:16",3,
3842,default,"2014-07-29 15:28:31",3,
3843,default,"2014-07-29 15:28:31",3,
3848,default,"2014-07-29 15:29:25",3,
3857,default,"2014-07-29 15:35:46",3,
3860,default,"2014-07-29 15:35:50",3,
3865,default,"2014-07-29 15:36:31",3,
3868,default,"2014-07-29 15:36:59",3,
3871,default,"2014-07-29 15:38:25",3,
3874,default,"2014-07-29 15:38:42",3,
3972,default,"2014-07-29 19:42:28",3,
3975,default,"2014-07-29 19:42:42",3,
3985,default,"2014-07-29 19:43:27",3,
3988,default,"2014-07-29 19:43:31",3,
3991,default,"2014-07-29 19:43:50",3,
3994,default,"2014-07-29 19:44:01",3,
3997,default,"2014-07-29 19:44:16",3,
4001,default,"2014-07-29 19:44:35",3,
4005,default,"2014-07-29 19:45:01",3,
4008,default,"2014-07-29 19:45:11",3,
4018,default,"2014-07-29 19:47:56",3,
4022,default,"2014-07-29 19:49:21",3,
4024,default,"2014-07-29 19:49:31",3,
4027,default,"2014-07-29 19:49:47",3,
4032,default,"2014-07-29 19:50:08",3,
4035,default,"2014-07-29 19:50:16",3,
4113,default,"2014-07-30 18:04:22",3,
4114,default,"2014-07-30 18:04:23",3,
4117,default,"2014-07-30 18:04:24",3,
4118,default,"2014-07-30 18:06:16",3,
4119,default,"2014-07-30 18:06:17",3,
4122,default,"2014-07-30 18:06:58",3,
4123,default,"2014-07-30 18:06:59",3,
4128,default,"2014-07-30 18:08:45",3,
4129,default,"2014-07-30 18:08:46",3,
4131,default,"2014-07-30 18:08:48",3,
4133,default,"2014-07-30 18:08:51",3,
4134,default,"2014-07-30 18:08:51",3,
4135,default,"2014-07-30 18:09:10",3,
4136,default,"2014-07-30 18:09:10",3,
4144,default,"2014-07-30 18:11:14",3,
4145,default,"2014-07-30 18:11:14",3,
4148,default,"2014-07-30 18:11:19",3,
4149,default,"2014-07-30 18:11:33",3,
4150,default,"2014-07-30 18:11:33",3,
4153,default,"2014-07-30 18:12:01",3,
4154,default,"2014-07-30 18:12:02",3,
4168,default,"2014-07-30 18:13:18",3,
4169,default,"2014-07-30 18:13:19",3,
4172,default,"2014-07-30 18:13:21",3,
4173,default,"2014-07-30 18:13:42",3,
4175,default,"2014-07-30 18:13:42",3,
4177,default,"2014-07-30 18:15:29",3,
4178,default,"2014-07-30 18:15:30",3,
4183,default,"2014-07-30 18:16:21",3,
4185,default,"2014-07-30 18:16:30",3,
4186,default,"2014-07-30 18:16:31",3,
4190,default,"2014-07-30 18:18:26",3,
4198,default,"2014-07-30 18:20:05",3,
4199,default,"2014-07-30 18:20:28",3,
4220,default,"2014-07-30 18:31:57",3,
4223,default,"2014-07-30 18:32:08",3,
4230,default,"2014-07-30 18:33:33",3,
4233,default,"2014-07-30 18:33:45",3,
4249,default,"2014-07-30 18:37:45",3,
4253,default,"2014-07-30 18:38:02",3,
4258,default,"2014-07-30 18:38:07",3,
4259,default,"2014-07-30 18:38:48",3,
4260,default,"2014-07-30 18:38:48",3,
4265,default,"2014-07-30 18:41:03",3,
4266,default,"2014-07-30 18:41:04",3,
4269,default,"2014-07-30 18:41:18",3,
4270,default,"2014-07-30 18:41:19",3,
4271,default,"2014-07-30 18:41:20",3,
4272,default,"2014-07-30 18:41:24",3,
4273,default,"2014-07-30 18:41:24",3,
4278,default,"2014-07-30 18:41:34",3,
4279,default,"2014-07-30 18:41:51",3,
4280,default,"2014-07-30 18:41:51",3,
4283,default,"2014-07-30 18:42:12",3,
4284,default,"2014-07-30 18:42:12",3,
4287,default,"2014-07-30 18:42:16",3,
4288,default,"2014-07-30 18:42:16",3,
4289,default,"2014-07-30 18:42:40",3,
4290,default,"2014-07-30 18:42:41",3,
4293,default,"2014-07-30 18:43:55",3,
4294,default,"2014-07-30 18:43:56",3,
4297,default,"2014-07-30 18:44:03",3,
4298,default,"2014-07-30 18:44:03",3,
4299,default,"2014-07-30 18:44:15",3,
4300,default,"2014-07-30 18:44:16",3,
4304,default,"2014-07-30 18:44:45",3,
4305,default,"2014-07-30 18:44:45",3,
4310,default,"2014-07-30 18:45:14",3,
4311,default,"2014-07-30 18:45:14",3,
4313,default,"2014-07-30 18:45:17",3,
4315,default,"2014-07-30 18:46:11",3,
4316,default,"2014-07-30 18:46:11",3,
4319,default,"2014-07-30 18:46:41",3,
4320,default,"2014-07-30 18:46:41",3,
4323,default,"2014-07-30 18:46:45",3,
4324,default,"2014-07-30 18:46:45",3,
4327,default,"2014-07-30 18:46:59",3,
4328,default,"2014-07-30 18:46:59",3,
4329,default,"2014-07-30 18:47:00",3,
4334,default,"2014-07-30 18:47:05",3,
4335,default,"2014-07-30 18:47:06",3,
4336,default,"2014-07-30 18:47:06",3,
4341,default,"2014-07-30 18:48:23",3,
4343,default,"2014-07-30 18:48:36",3,
4344,default,"2014-07-30 18:49:01",3,
4345,default,"2014-07-30 18:49:02",3,
4348,default,"2014-07-30 18:50:01",3,
4352,default,"2014-07-30 18:50:14",3,
4353,default,"2014-07-30 18:50:14",3,
4356,default,"2014-07-30 18:50:19",3,
4357,default,"2014-07-30 18:50:30",3,
4358,default,"2014-07-30 18:50:30",3,
4361,default,"2014-07-30 18:50:49",3,
4362,default,"2014-07-30 18:50:50",3,
4367,default,"2014-07-30 18:55:21",3,
4368,default,"2014-07-30 18:55:35",3,
4369,default,"2014-07-30 18:55:35",3,
4447,default,"2014-07-31 18:48:32",3,
4451,default,"2014-07-31 18:48:59",3,
4454,default,"2014-07-31 18:49:34",3,
4462,default,"2014-07-31 19:02:52",3,
4465,default,"2014-07-31 19:03:29",3,
4468,default,"2014-07-31 19:03:45",3,
4473,default,"2014-07-31 19:04:05",3,
4475,default,"2014-07-31 19:04:21",3,
4476,default,"2014-07-31 19:04:21",3,
4481,default,"2014-07-31 19:04:26",3,
4482,default,"2014-07-31 19:04:52",3,
4483,default,"2014-07-31 19:04:52",3,
4488,default,"2014-07-31 19:08:38",3,
4489,default,"2014-07-31 19:08:46",3,
4490,default,"2014-07-31 19:08:47",3,
4493,default,"2014-07-31 19:09:29",3,
4495,default,"2014-07-31 19:09:29",3,
4497,default,"2014-07-31 19:09:43",3,
4498,default,"2014-07-31 19:09:44",3,
4501,default,"2014-07-31 19:10:25",3,
4502,default,"2014-07-31 19:10:25",3,
4504,default,"2014-07-31 19:10:27",3,
4506,default,"2014-07-31 19:10:44",3,
4508,default,"2014-07-31 19:10:44",3,
4511,default,"2014-07-31 19:10:51",3,
4513,default,"2014-07-31 19:10:52",3,
4514,default,"2014-07-31 19:10:52",3,
4519,default,"2014-07-31 19:11:13",3,
4520,default,"2014-07-31 19:11:36",3,
4522,default,"2014-07-31 19:11:36",3,
4524,default,"2014-07-31 19:12:04",3,
4525,default,"2014-07-31 19:12:04",3,
4528,default,"2014-07-31 19:12:43",3,
4529,default,"2014-07-31 19:12:43",3,
4535,default,"2014-07-31 19:13:10",3,
4536,default,"2014-07-31 19:13:11",3,
4539,default,"2014-07-31 19:13:14",3,
4540,default,"2014-07-31 19:13:28",3,
4542,default,"2014-07-31 19:13:29",3,
4544,default,"2014-07-31 19:13:35",3,
4545,default,"2014-07-31 19:13:35",3,
4548,default,"2014-07-31 19:14:01",3,
4549,default,"2014-07-31 19:14:01",3,
4552,default,"2014-07-31 19:14:28",3,
4554,default,"2014-07-31 19:14:28",3,
4556,default,"2014-07-31 19:14:45",3,
4557,default,"2014-07-31 19:14:46",3,
4562,default,"2014-07-31 19:16:37",3,
4573,default,"2014-07-31 19:18:35",3,
4574,default,"2014-07-31 19:18:35",3,
4577,default,"2014-07-31 19:18:38",3,
4578,default,"2014-07-31 19:19:13",3,
4579,default,"2014-07-31 19:19:13",3,
4582,default,"2014-07-31 19:19:39",3,
4583,default,"2014-07-31 19:19:39",3,
4586,default,"2014-07-31 19:20:43",3,
4588,default,"2014-07-31 19:20:44",3,
4590,default,"2014-07-31 19:20:58",3,
4591,default,"2014-07-31 19:20:58",3,
4594,default,"2014-07-31 19:21:34",3,
4595,default,"2014-07-31 19:21:35",3,
4598,default,"2014-07-31 19:21:43",3,
4599,default,"2014-07-31 19:21:44",3,
4600,default,"2014-07-31 19:22:21",3,
4601,default,"2014-07-31 19:22:21",3,
4604,default,"2014-07-31 19:22:33",3,
4605,default,"2014-07-31 19:22:33",3,
4606,default,"2014-07-31 19:22:36",3,
4607,default,"2014-07-31 19:22:37",3,
4608,default,"2014-07-31 19:22:38",3,
4609,default,"2014-07-31 19:22:39",3,
4610,default,"2014-07-31 19:22:42",3,
4611,default,"2014-07-31 19:22:42",3,
4612,default,"2014-07-31 19:22:43",3,
4613,default,"2014-07-31 19:22:43",3,
4616,default,"2014-07-31 19:23:22",3,
4617,default,"2014-07-31 19:23:23",3,
4619,default,"2014-07-31 19:23:26",3,
4621,default,"2014-07-31 19:23:37",3,
4623,default,"2014-07-31 19:23:38",3,
4626,default,"2014-07-31 19:23:46",3,
4628,default,"2014-07-31 19:23:50",3,
4629,default,"2014-07-31 19:23:51",3,
4633,default,"2014-07-31 19:24:53",3,
4634,default,"2014-07-31 19:24:53",3,
4658,default,"2014-07-31 19:35:25",3,
4659,default,"2014-07-31 19:35:25",3,
4661,default,"2014-07-31 19:35:29",3,
4664,default,"2014-07-31 19:36:51",3,
4665,default,"2014-07-31 19:36:51",3,
4667,default,"2014-07-31 19:37:08",3,
4668,default,"2014-07-31 19:37:09",3,
4671,default,"2014-07-31 19:37:18",3,
4672,default,"2014-07-31 19:37:19",3,
4689,default,"2014-07-31 19:53:53",3,
4690,default,"2014-07-31 19:53:53",3,
4692,default,"2014-07-31 19:53:56",3,
4694,default,"2014-07-31 19:53:57",3,
4695,default,"2014-07-31 19:53:58",3,
4696,default,"2014-07-31 19:54:20",3,
4697,default,"2014-07-31 19:54:20",3,
4733,default,"2014-07-31 20:05:26",3,
4737,default,"2014-07-31 20:11:07",3,
4742,default,"2014-07-31 20:11:52",3,
4745,default,"2014-07-31 20:12:21",3,
4748,default,"2014-07-31 20:12:41",3,
4755,default,"2014-07-31 20:13:07",3,
4758,default,"2014-07-31 20:14:02",3,
4761,default,"2014-07-31 20:14:17",3,
4764,default,"2014-07-31 20:14:52",3,
4767,default,"2014-07-31 20:15:02",3,
4772,default,"2014-07-31 20:15:13",3,
4777,default,"2014-07-31 20:22:55",3,
4778,default,"2014-07-31 20:22:56",3,
4804,default,"2014-07-31 21:08:22",3,
4809,default,"2014-07-31 21:08:36",3,
4816,default,"2014-07-31 21:09:11",3,
4818,default,"2014-07-31 21:09:19",3,
4819,default,"2014-07-31 21:09:20",3,
4823,default,"2014-07-31 21:09:27",3,
4826,default,"2014-07-31 21:09:34",3,
4827,default,"2014-07-31 21:09:35",3,
4831,default,"2014-07-31 21:09:41",3,
4854,default,"2014-08-01 16:14:31",3,
4857,default,"2014-08-01 16:15:11",3,
4860,default,"2014-08-01 16:15:25",3,
4863,default,"2014-08-01 16:15:33",3,
4883,default,"2014-08-01 16:21:15",3,
4909,default,"2014-08-01 16:34:03",3,
4912,default,"2014-08-01 16:34:18",3,
4915,default,"2014-08-01 16:34:51",3,
4921,default,"2014-08-01 16:35:28",3,
4924,default,"2014-08-01 16:38:24",3,
4927,default,"2014-08-01 16:38:43",3,
4932,default,"2014-08-01 16:40:00",3,
4939,default,"2014-08-01 16:41:18",3,
4944,default,"2014-08-01 16:41:39",3,
4947,default,"2014-08-01 16:41:42",3,
4948,default,"2014-08-01 16:41:50",3,
4954,default,"2014-08-01 16:42:22",3,
4957,default,"2014-08-01 16:43:31",3,
4962,default,"2014-08-01 16:43:46",3,
4965,default,"2014-08-01 16:43:59",3,
4968,default,"2014-08-01 16:44:10",3,
4971,default,"2014-08-01 16:44:24",3,
4974,default,"2014-08-01 16:44:27",3,
4996,default,"2014-08-01 16:51:58",3,
5002,default,"2014-08-01 16:52:18",3,
5005,default,"2014-08-01 16:53:37",3,
5008,default,"2014-08-01 16:53:51",3,
5053,default,"2014-08-02 12:32:41",3,
5056,default,"2014-08-02 12:32:45",3,
5059,default,"2014-08-02 12:32:55",3,
5064,default,"2014-08-02 12:33:22",3,
5067,default,"2014-08-02 12:33:56",3,
5072,default,"2014-08-02 12:34:22",3,
5079,default,"2014-08-02 12:35:05",3,
5082,default,"2014-08-02 12:35:12",3,
5083,default,"2014-08-02 12:35:59",3,
5089,default,"2014-08-02 12:36:43",3,
5092,default,"2014-08-02 12:36:55",3,
5095,default,"2014-08-02 12:36:56",3,
5097,default,"2014-08-02 12:37:14",3,
5104,default,"2014-08-02 12:39:26",3,
5107,default,"2014-08-02 12:39:52",3,
5110,default,"2014-08-02 12:39:56",3,
5115,default,"2014-08-02 12:41:27",3,
5120,default,"2014-08-02 12:42:23",3,
5125,default,"2014-08-02 12:43:01",3,
5148,default,"2014-08-02 12:51:28",3,
5151,default,"2014-08-02 12:53:00",3,
5174,default,"2014-08-02 13:01:59",3,
5177,default,"2014-08-02 13:03:18",3,
5185,default,"2014-08-02 13:04:12",3,
5188,default,"2014-08-02 13:04:15",3,
5189,default,"2014-08-02 13:04:22",3,
5192,default,"2014-08-02 13:04:36",3,
5219,default,"2014-08-02 13:09:38",3,
5220,default,"2014-08-02 13:09:40",3,
5221,default,"2014-08-02 13:09:43",3,
5222,default,"2014-08-02 13:09:46",3,
5223,default,"2014-08-02 13:09:54",3,
5224,default,"2014-08-02 13:09:57",3,
5227,default,"2014-08-02 13:10:03",3,
5228,default,"2014-08-02 13:10:06",3,
5229,default,"2014-08-02 13:10:11",3,
5230,default,"2014-08-02 13:10:14",3,
5231,default,"2014-08-02 13:10:17",3,
5232,default,"2014-08-02 13:10:20",3,
5233,default,"2014-08-02 13:10:23",3,
5234,default,"2014-08-02 13:10:25",3,
5235,default,"2014-08-02 13:10:28",3,
5236,default,"2014-08-02 13:10:31",3,
5239,default,"2014-08-02 13:10:41",3,
5243,default,"2014-08-02 13:11:25",3,
5251,default,"2014-08-02 13:12:55",3,
5254,default,"2014-08-02 13:12:59",3,
5264,default,"2014-08-02 13:14:25",3,
5290,default,"2014-08-02 13:18:30",3,
5293,default,"2014-08-02 13:18:49",3,
5296,default,"2014-08-02 13:20:03",3,
5299,default,"2014-08-02 13:20:41",3,
5468,default,"2014-08-02 19:23:38",3,
5476,default,"2014-08-02 19:36:11",3,
5479,default,"2014-08-02 19:36:51",3,
5484,default,"2014-08-02 19:37:01",3,
5487,default,"2014-08-02 19:37:18",3,
5492,default,"2014-08-02 19:37:44",3,
5501,default,"2014-08-02 19:38:15",3,
5504,default,"2014-08-02 19:48:07",3,
5510,default,"2014-08-02 19:51:07",3,
5513,default,"2014-08-02 19:51:10",3,
5571,default,"2014-08-03 14:24:30",51,
5574,default,"2014-08-03 14:24:38",51,
5592,default,"2014-08-04 00:55:56",48,
5594,default,"2014-08-04 00:55:59",48,
5599,default,"2014-08-04 00:56:16",48,
5602,default,"2014-08-04 00:56:19",48,
5606,default,"2014-08-04 00:56:30",48,
5607,default,"2014-08-04 00:56:54",48,
5608,default,"2014-08-04 00:56:54",48,
5609,default,"2014-08-04 00:56:55",48,
5610,default,"2014-08-04 00:56:55",48,
5611,default,"2014-08-04 00:56:56",48,
5612,default,"2014-08-04 00:56:56",48,
5613,default,"2014-08-04 00:58:19",48,
5619,default,"2014-08-04 01:00:34",48,
5637,default,"2014-08-04 11:59:50",3,
5640,default,"2014-08-04 11:59:59",3,
5648,default,"2014-08-04 12:00:16",3,
5653,default,"2014-08-04 12:00:21",3,
5658,default,"2014-08-04 12:00:33",3,
5661,default,"2014-08-04 12:00:52",3,
5664,default,"2014-08-04 12:01:01",3,
5671,default,"2014-08-04 12:01:32",3,
5674,default,"2014-08-04 12:01:36",3,
5675,default,"2014-08-04 12:02:03",3,
5680,default,"2014-08-04 12:02:37",3,
5683,default,"2014-08-04 12:02:43",3,
5699,default,"2014-08-04 12:05:31",3,
5706,default,"2014-08-04 12:07:08",3,
5709,default,"2014-08-04 12:07:47",3,
5712,default,"2014-08-04 12:07:56",3,
5715,default,"2014-08-04 12:08:09",3,
5722,default,"2014-08-04 12:10:31",3,
5726,default,"2014-08-04 12:11:09",3,
5729,default,"2014-08-04 12:12:06",3,
5746,default,"2014-08-04 12:43:12",3,
5751,default,"2014-08-04 12:46:48",3,
5753,default,"2014-08-04 12:49:54",3,
5754,default,"2014-08-04 12:49:55",3,
5757,default,"2014-08-04 12:50:12",3,
5758,default,"2014-08-04 12:50:12",3,
5765,default,"2014-08-04 12:51:07",3,
5766,default,"2014-08-04 12:51:08",3,
5768,default,"2014-08-04 12:51:10",3,
5770,default,"2014-08-04 12:51:11",3,
5771,default,"2014-08-04 12:51:11",3,
5772,default,"2014-08-04 12:51:25",3,
5773,default,"2014-08-04 12:51:25",3,
5776,default,"2014-08-04 12:51:36",3,
5777,default,"2014-08-04 12:51:36",3,
5780,default,"2014-08-04 12:53:04",3,
5781,default,"2014-08-04 12:53:04",3,
5784,default,"2014-08-04 12:55:13",3,
5786,default,"2014-08-04 12:55:19",3,
5788,default,"2014-08-04 12:55:27",3,
5792,default,"2014-08-04 12:55:31",3,
5793,default,"2014-08-04 12:55:34",3,
5794,default,"2014-08-04 12:55:34",3,
5813,default,"2014-08-04 12:59:34",3,
5814,default,"2014-08-04 13:00:59",3,
5815,default,"2014-08-04 13:00:59",3,
5820,default,"2014-08-04 13:01:04",3,
5822,default,"2014-08-04 13:01:09",3,
5823,default,"2014-08-04 13:01:21",3,
5824,default,"2014-08-04 13:01:21",3,
5827,default,"2014-08-04 13:01:31",3,
5828,default,"2014-08-04 13:01:31",3,
5831,default,"2014-08-04 13:01:38",3,
5832,default,"2014-08-04 13:01:47",3,
5833,default,"2014-08-04 13:01:47",3,
5838,default,"2014-08-04 13:05:46",3,
5839,default,"2014-08-04 13:05:47",3,
5841,default,"2014-08-04 13:06:03",3,
5843,default,"2014-08-04 13:06:04",3,
5844,default,"2014-08-04 13:06:05",3,
5854,default,"2014-08-04 14:16:39",3,
5855,default,"2014-08-04 14:17:02",3,
5856,default,"2014-08-04 14:17:02",3,
5859,default,"2014-08-04 14:17:31",3,
5860,default,"2014-08-04 14:17:31",3,
5863,default,"2014-08-04 14:17:35",3,
5864,default,"2014-08-04 14:17:35",3,
5865,default,"2014-08-04 14:17:38",3,
5867,default,"2014-08-04 14:17:39",3,
5871,default,"2014-08-04 14:22:02",3,
5872,default,"2014-08-04 14:22:03",3,
5875,default,"2014-08-04 14:22:06",3,
5878,default,"2014-08-04 14:24:55",3,
5879,default,"2014-08-04 14:25:01",3,
5880,default,"2014-08-04 14:25:01",3,
5881,default,"2014-08-04 14:25:09",3,
5882,default,"2014-08-04 14:25:10",3,
5888,default,"2014-08-04 14:28:22",3,
5889,default,"2014-08-04 14:28:22",3,
5892,default,"2014-08-04 14:28:26",3,
5893,default,"2014-08-04 14:29:23",3,
5894,default,"2014-08-04 14:29:23",3,
5897,default,"2014-08-04 14:29:26",3,
5898,default,"2014-08-04 14:29:26",3,
5903,default,"2014-08-04 14:29:30",3,
5904,default,"2014-08-04 14:30:09",3,
5905,default,"2014-08-04 14:30:09",3,
5908,default,"2014-08-04 14:30:21",3,
5909,default,"2014-08-04 14:30:21",3,
5914,default,"2014-08-04 14:31:53",3,
5915,default,"2014-08-04 14:31:59",3,
5916,default,"2014-08-04 14:32:00",3,
5919,default,"2014-08-04 14:32:05",3,
5920,default,"2014-08-04 14:32:05",3,
5925,default,"2014-08-04 14:39:50",3,
5927,default,"2014-08-04 14:40:03",3,
5928,default,"2014-08-04 14:40:03",3,
5931,default,"2014-08-04 14:40:16",3,
5932,default,"2014-08-04 14:40:16",3,
5937,default,"2014-08-04 14:40:40",3,
5952,default,"2014-08-04 14:46:57",3,
5973,default,"2014-08-04 15:00:13",3,
5974,default,"2014-08-04 15:00:14",3,
5977,default,"2014-08-04 15:02:11",3,
5981,default,"2014-08-04 15:02:34",3,
5982,default,"2014-08-04 15:02:34",3,
5985,default,"2014-08-04 15:02:47",3,
5986,default,"2014-08-04 15:02:47",3,
5989,default,"2014-08-04 15:03:43",3,
5990,default,"2014-08-04 15:03:43",3,
5993,default,"2014-08-04 15:04:08",3,
5994,default,"2014-08-04 15:04:42",3,
5995,default,"2014-08-04 15:04:42",3,
5998,default,"2014-08-04 15:05:01",3,
5999,default,"2014-08-04 15:05:01",3,
6012,default,"2014-08-04 15:05:33",3,
6013,default,"2014-08-04 15:05:33",3,
6015,default,"2014-08-04 15:06:37",3,
6016,default,"2014-08-04 15:06:38",3,
6017,default,"2014-08-04 15:06:41",3,
6019,default,"2014-08-04 15:07:29",3,
6020,default,"2014-08-04 15:07:29",3,
